20 Microns Limited,0.46732712725813536
3i Infotech Limited,-0.5379357148826033
3M India Limited,0.9514199651147804
A2Z Maintenance & Engineering Services Limited,-0.5651262546431356
Aanjaneya Lifecare Limited,-0.028610249872204736
Aarti Drugs Limited,0.7549487903112934
Aarti Industries Limited,0.9606018894105943
Aarvee Denims & Exports Limited,0.10918650388154165
Aban Offshore Limited,-0.44748603069212944
ABB India Limited,0.7190118710528025
Abbott India Limited,0.8304334153431309
Aditya Birla Chemicals (India) Limited,0.8396013767543393
ABG Shipyard Limited,-0.646940910773553
Abhishek Corporation Limited,-0.5553744307992149
Aditya Birla Nuvo Limited,0.5091430058321127
ACC Limited,0.8290757176538353
Action Construction Equipment Limited,-0.14020901740107453
Ackruti City Limited,-0.3296344673798809
Acropetal Technologies Limited,-0.44145946573343986
Adani Enterprises Limited,-0.4968956738726499
Adani Power Limited,-0.6024132555745005
ADF Foods Limited,0.8880165905834816
Adhunik Metaliks Limited,-0.545201883909253
Ador Welding Limited,0.5410105517694341
Allied Digital Services Limited,-0.4807408786606876
Advani Hotels & Resorts (India) Limited,0.292220012199656
Advanta Limited,0.854911609488169
Aegis Logistics Limited,0.9351316585665986
Accel Frontline Limited,0.08262691700650811
Aftek Limited,-0.47521083953376575
AGC Networks Limited,-0.3450739669799983
Agre Developers Limited,0.05420875405863516
Agro Dutch Industries Limited,-0.5859382666418818
Asian Hotels (East) Limited,-0.12888903781373368
Ahluwalia Contracts (India) Limited,0.7808629956845677
Asian Hotels (West) Limited,0.3081598397532941
Ahmednagar Forgings Limited,0.2852052682595614
AIA Engineering Limited,0.9539836612485425
Ajanta Pharma Limited,0.8933388707295059
Ajmera Realty & Infra India Limited,0.4415020329535367
Aksh Optifibre Limited,-0.26428080832968537
Akzo Nobel India Limited,0.954710783838152
Allahabad Bank,-0.22253377452402714
Alchemist Limited,-0.5166867762679591
Alembic Limited,-0.15707904120183555
Alfa Laval (India) Limited,0.677577199057134
Alkali Metals Limited,-0.20915725190435547
Alkyl Amines Chemicals Limited,0.909882862051983
Allcargo Logistics Limited,0.273843249611533
Allsec Technologies Limited,0.5517081347628522
Almondz Global Securities Limited,-0.25591975892016666
Alok Industries Limited,-0.6011836868168269
Alpa Laboratories Limited,0.5008308865991469
Alphageo (India) Limited,0.7806361344999256
Amar Remedies Limited,0.22103229053855175
Amara Raja Batteries Limited,0.8738014894401043
Amarjothi Spinning Mills Limited,0.6194416319446722
Ambika Cotton Mills Limited,0.9602176269775308
Ambuja Cements Limited,0.851046516171496
AMD Industries Limited,0.6655122544944169
Amrutanjan Health Care Limited,0.9307285360828248
Amtek Auto Limited,-0.5884664789819787
Amtek India Limited,-0.16805783754979195
Anant Raj Limited,-0.4390613378824543
Andhra Bank,-0.3973282536390524
The Andhra Sugars Limited,0.7659622660636582
ANG Industries Limited,-0.4294222228928402
Anik Industries Limited,-0.011778263674923453
Ansal Properties & Infrastructure Limited,-0.38333987831431504
Ansal Housing and Construction Limited,-0.4012229700603343
Apar Industries Limited,0.9224291907226272
Apcotex Industries Limited,0.8498525858645377
Alstom Projects India Limited,0.5779362154660451
Aplab Limited,0.08284828201443735
Alembic Pharmaceuticals Limited,0.7300640607177338
Apollo Hospitals Enterprise Limited,0.8132271443061299
Apollo Tyres Limited,0.9169411843146883
The Andhra Pradesh Paper Mills Limited,0.7019111355989422
Aptech Limited,0.17982216193855027
Aqua Logistics Limited,-0.3405249790794416
Archies Limited,0.18965585541295704
Aries Agro Limited,0.6300669220370256
Arihant Foundations & Housing Limited,-0.4086989981015725
Arvind Remedies Limited,0.3084372013807512
Aro Granite Industries Limited,0.24776111248724328
Arrow Textiles Limited,0.9191072396612995
Arshiya Limited,-0.3983158988050728
ARSS Infrastructure Projects Limited,-0.3832196316488991
Arvind Limited,0.9298247304725327
Asahi India Glass Limited,0.8431985277244555
Asahi Songwon Colors Limited,0.9532173403207895
Automotive Stampings and Assemblies Limited,-0.1230612830583775
Ashapura Minechem Limited,-0.27202447533596574
Ashco Niulab Industries Limited,-0.41979762837680806
Ashiana Housing Limited,0.7270873691066251
Ashima Limited,0.6523976159262815
Ashoka Buildcon Limited,0.7649309722930723
Ashok Leyland Limited,0.8096495535783846
Asian Hotels (North) Limited,-0.4262555683303757
Asian Paints Limited,0.9527233190964519
Asian Granito India Limited,0.9240832632644029
Amit Spinning Industries Limited,-0.4792445966769344
Assam Company India Limited,-0.5072354443103262
Astec LifeSciences Limited,0.946375373799387
Aster Silicates Limited,-0.10927647100030291
Astral Poly Technik Limited,0.939167219962397
Astra Microwave Products Limited,0.018267695292927
AstraZeneca Pharma India Limited,0.144224506504489
Agro Tech Foods Limited,0.7158282320980989
Atlanta Limited,0.554838843274083
Atlas Cycles (Haryana) Limited,0.6705654234281673
ATN International Limited,-0.5440436502487463
Atul Limited,0.9611581161235572
Aurionpro Solutions Limited,-0.2203430502159131
Aurobindo Pharma Limited,0.73191563219389
Ausom Enterprise Limited,0.29939126286137774
Automotive Axles Limited,0.7007079717050742
Autoline Industries Limited,-0.5026528938407454
Autolite (India) Limited,0.8662287168715802
Aventis Pharma Limited,0.6303887382679697
AVT Natural Products Limited,0.7027584711931183
Axis Bank Limited,0.8762558770730621
B.A.G Films and Media Limited,-0.3538999146101001
Bajaj Auto Limited,0.8411763448765577
Bajaj Corp Limited,0.7973966804578949
Bajaj Electricals Limited,0.754890760542868
Bajaj Finserv Limited,0.9698318268329217
Bajaj Hindusthan Sugar Limited,-0.5550100114306635
Bajaj Holdings & Investment Limited,0.9696180681080914
Bajaj Finance Limited,0.9092298714247863
Balaji Telefilms Limited,0.034700781254783986
Balaji Amines Limited,0.9160211764581093
Balkrishna Industries Limited,0.9448879848393118
Ballarpur Industries Limited,-0.4743168898713088
Balmer Lawrie & Company Limited,-0.11840821064745014
Bal Pharma Limited,0.8573772769702539
Balrampur Chini Mills Limited,0.43710364077178404
Bannari Amman Sugars Limited,0.817053373284418
Banco Products (I) Limited,0.5845422988009469
Bang Overseas Limited,-0.3486533663008453
Bank of Baroda,-0.29920596427218893
Bank of India,-0.38195583636202673
Banswara Syntex Limited,0.7007797152133287
Bartronics India Limited,-0.5547252976069951
BASF India Limited,0.9262453149772235
Bannari Amman Spinning Mills Limited,0.9344435022024732
Bata India Limited,0.7993094973182386
Batliboi Limited,-0.08951343186812286
Bayer Cropscience Limited,0.8964863179180579
Bharat Bijlee Limited,-0.10719988313825578
Bombay Burmah Trading Corporation Limited,0.912072908047385
Beardsell Limited,0.8706841155139871
Bedmutha Industries Limited,-0.2788830808552484
Bharat Electronics Limited,0.31514004693639236
Bell Ceramics Limited,0.23178994732806615
BEML Limited,0.38393780305593533
Bhansali Engineering Polymers Limited,0.553672885238632
Berger Paints (I) Limited,0.7380411445708928
BF Investment Limited,0.8310758102575834
BF Utilities Limited,-0.3812727035300161
Bharatiya Global Infomedia Limited,-0.08311730519790698
BGR Energy Systems Limited,-0.46847239187527956
Bhagwati Banquets and Hotels Limited,0.48363728558116914
Bhagyanagar India Limited,-0.34595602885364546
Bharat Forge Limited,0.8024578382609213
Bharat Gears Limited,0.7896717503682342
Bharat Rasayan Limited,0.9426631249332807
Bharti Airtel Limited,0.25409731785624073
Bharati Shipyard Limited,-0.52298374753364
Bharat Heavy Electricals Limited,-0.6493551531071148
Bhushan Steel Limited,-0.2948916362527487
Bhartiya International Limited,0.8845585169146549
Bilpower  Limited,-0.6467832964112553
Bimetal Bearings Limited,0.5671008388968201
Binani Industries Limited,-0.3103647291775314
Oswal Chemicals & Fertilizers Limited,-0.07316253588021356
Biocon Limited,0.5991289110229129
Birla Corporation Limited,0.9183659256842134
Birla Cotsyn (India) Limited,-0.528853402654422
Birla Ericsson Optical Limited,0.6387841334461234
Birla Power Solutions Limited,-0.48045456981366014
BLB Limited,-0.3661236687431496
Bliss GVS Pharma Limited,0.8594838465566799
B. L. Kashyap and Sons Limited,-0.4481075231808039
Blue Chip India Limited,-0.43796854293617365
Blue Coast Hotels Limited,-0.27840940493215205
Blue Dart Express Limited,0.754960962420644
Blue Star Limited,0.7743252215836699
Blue Star Infotech Limited,0.7263349454064936
BOC India Limited,0.8212865592959314
Bodal Chemicals Limited,0.9536735210951817
Bombay Dyeing & Mfg Company Limited,-0.5638672826247589
Bosch Limited,0.8792589642464017
Bharat Petroleum Corporation Limited,0.4671107466904731
BPL Limited,0.3910189233680375
Brandhouse Retails Limited,-0.5852047203144409
Bombay Rayon Fashions Limited,-0.47932969174353696
Brigade Enterprises Limited,0.7089591834293193
Britannia Industries Limited,0.9531584515887859
Broadcast Initiatives Limited,-0.49820011023150257
Brooks Laboratories Limited,0.8855401519986646
BSEL Infrastructure Realty Limited,-0.4781115010547687
BSL Limited,0.7648465149636482
BS TransComm Limited,0.7311754600335162
Barak Valley Cements Limited,0.12202077032391027
Cadila Healthcare Limited,0.9396727066104158
Cairn India Limited,-0.11042664849939035
California Software Company Limited,-0.33300441740049197
Cambridge Solutions Limited,-0.5607475430441485
Camlin Limited,0.4209295741521261
Canara Bank,0.07869244926995826
C & C Constructions Limited,-0.5277526687908837
Can Fin Homes Limited,0.9545812750452594
Cantabil Retail India Limited,0.7884392754685506
Carborundum Universal Limited,0.9562038423726824
Carol Info Services Limited,0.7354964469382593
Castrol India Limited,0.1549535615801481
Consolidated Construction Consortium Limited,-0.48876278888944885
CCL Products (India) Limited,0.919492021343176
CEAT Limited,0.9431137118627994
Commercial Engineers & Body Builders Co Limited,-0.4706655211065462
Celebrity Fashions Limited,-0.35785124178628114
Celestial Biolabs Limited,-0.09506571227342667
Century Enka Limited,0.7222502317580365
Century Extrusions Limited,0.017061319460978806
Central Bank of India,-0.08834801807978364
Centum Electronics Limited,0.8234710323768768
Century Plyboards (India) Limited,0.9448522080072808
Century Textiles & Industries Limited,0.7233187986671337
Cera Sanitaryware Limited,0.94677172697711
CESC Limited,0.8778219734925613
Chambal Fertilizers & Chemicals Limited,0.6881698028409452
Chemfab Alkalis Limited,0.7534961752189132
Chemplast Sanmar Limited,0.2686941482635621
Chennai Petroleum Corporation Limited,0.42159843747052417
Cheslind Textiles Limited,-0.47476600115210615
Chettinad Cement Corporation Limited,0.7607612204806347
Cholamandalam Investment and Finance Company Limited,0.9718496929697603
CIL Nova Petrochemicals Limited,0.5766205753625706
Cimmco Limited,0.6378426849798298
Cinemax India Limited,-0.27059912663605185
Cinevista Limited,0.24076725100606872
Cipla Limited,0.7544108418322606
Classic Diamonds (India) Limited,-0.48867256740475296
Clariant Chemicals (India) Limited,0.5269825002703534
Clutch Auto Limited,-0.3926666420486326
C. Mahendra Exports Limited,-0.7682352590378216
CMC Limited,0.7450515054527018
Coal India Limited,-0.3632284009181077
Colgate Palmolive (India) Limited,0.31754346067197925
Compuage Infocom Limited,0.19701071071409887
Container Corporation of India Limited,0.037716464653587606
Consolidated Finvest & Holdings Limited,0.27466346542002845
Coral Hub Limited,-0.2643528946632729
Cords Cable Industries Limited,0.5514049372583324
CORE Education & Technologies Limited,-0.5436989167098116
Coromandel Engineering Company Limited,-0.639739384052562
Coromandel International Limited,0.6283740220537696
Corporation Bank,-0.6675491890700065
Cosmo Films Limited,0.8786535405500038
Career Point Infosystems Limited,0.7019093843500841
Creative Eye Limited,-0.4278821568628286
Crest Animation Studios Limited,-0.5748822912086902
Crew B.O.S. Products Limited,-0.46042738640109926
CRISIL Limited,0.8577559065120369
Crompton Greaves Limited,-0.46928800245046176
Cronimet Alloys India Limited,-0.03493134105449879
Cambridge Technology Enterprises Limited,0.611265372288396
City Union Bank Limited,0.9835719487483476
Cubex Tubings Limited,-0.03941889876830098
Cummins India Limited,0.8149827290212432
Cura Technologies Limited,-0.5031247823187232
Cyber Media (India) Limited,-0.5032971948180858
Cybertech Systems And Software Limited,0.8884284855257881
LT Foods Limited,0.5066783965634615
Dabur India Limited,0.8730481234546867
Dalmia Bharat Enterprises Limited,0.19283880307137458
Dalmia Bharat Sugar and Industries Limited,0.9026848493795299
Datamatics Global Services Limited,0.9062589863908753
D.B.Corp Limited,0.8076184258554571
D B Realty Limited,-0.3960687460372852
Development Credit Bank Limited,-0.0599765015205767
Deccan Chronicle Holdings Limited,-0.14824231219853073
DCM Limited,0.6171358096161711
DCM Shriram Consolidated Limited,-0.26802567288154316
DCW Limited,0.8359126664506039
Deccan Cements Limited,0.9470485868751614
Decolight Ceramics Limited,-0.4581104598930929
Deepak Fertilizers and Petrochemicals Corporation Limited,0.8630720137549025
Deepak Nitrite Limited,0.84853194506162
Deep Industries Limited,0.8481021129813219
Delta Corp Limited,0.8080813829537856
Delta Magnets Limited,0.5213053758787858
Den Networks Limited,-0.4546636010326605
Dena Bank,-0.26928253831162247
De Nora India Limited,0.7989096618460275
Denso India Limited,-0.24909324740996558
Dewan Housing Finance Corporation Limited,0.9309502804194529
Dhampur Sugar Mills Limited,0.496074438956369
Dhanlaxmi Bank Limited,-0.36743635598903795
Dhanuka Agritech Limited,0.8977298230770526
Dharani Sugars & Chemicals Limited,-0.10944117859777965
Diamond Power Infra Ltd,-0.6462189138002048
DIC India Limited,0.8068129498573376
Digjam Limited,0.06029690549329914
Dishman Pharmaceuticals and Chemicals Limited,0.1315097486893329
Dish TV India Limited,0.5496521770113667
Divi's Laboratories Limited,-0.1996515855874384
DLF Limited,-0.397870133917371
D-Link (India) Limited,0.6466831062537021
Dolphin Offshore Enterprises (India) Limited,-0.4333094719738958
Donear Industries Limited,-0.07509800084149561
DPSC Limited,-0.3869175117100605
Dhunseri Petrochem & Tea Limited,-0.22730615260598047
DQ Entertainment (International) Limited,-0.2545870797199731
Dredging Corporation of India Limited,0.1078783543180089
Dr. Reddy's Laboratories Limited,0.6948155997500903
DS Kulkarni Developers Limited,-0.3913358438446164
Dwarikesh Sugar Industries Limited,0.7329669391836005
Dynamatic Technologies Limited,0.7570867245498887
Eastern Silk Industries Limited,-0.5300627551484247
ECE Industries Limited,0.12309040696368945
eClerx Services Limited,0.7655180524909889
Edelweiss Financial Services Limited,0.5918894689983549
Empee Distilleries Limited,-0.43662515168587035
Edserv Softsystems Limited,-0.29867700854431095
Educomp Solutions Limited,-0.5486633260186642
Eicher Motors Limited,0.9667800969198657
EID Parry India Limited,0.3289559883590633
EIH Associated Hotels Limited,0.9221222741056708
EIH Limited,0.2153439625519259
Eimco Elecon (India) Limited,0.6106574081734216
Everest Kanto Cylinder Limited,-0.47794411426480293
Elder Pharmaceuticals Limited,-0.5256541756591436
Elecon Engineering Company Limited,-0.28266753692488317
Electrosteel Castings Limited,-0.2592289673768228
EL Forge Limited,-0.5411466153899908
Elgi Equipments Limited,0.9291039675125524
Elnet Technologies Limited,-0.03430880713637538
Emami Infrastructure Limited,0.7597354708568381
Emami Limited,0.900150031076671
Emco Limited,-0.47701941714511764
Emkay Global Financial Services Limited,0.34040523994811595
Emmbi Industries Limited,0.9357915457471356
Empee Sugars and Chemicals Limited,-0.5012354118321731
Energy Development Company Limited,-0.12032262828185933
Engineers India Limited,-0.32416486541298917
Entertainment Network (India) Limited,0.8651356021374813
Eon Electric Limited,-0.2386165835146693
Era Infra Engineering Limited,-0.5630593495152778
Eros International Media Limited,0.19383632147645516
Esab India Limited,0.7721323962768435
Escorts Limited,0.8581389273505462
Electrosteel Steels Limited,-0.398197081511378
Essar Oil Limited,0.24897658491614594
Essar Ports Limited,0.7198104926363638
Ess Dee Aluminium Limited,-0.550040941142266
Essel Propack Limited,0.9241298232877942
Ester Industries Limited,0.5540385719545974
Euro Multivision Limited,-0.47336136033337217
Eurotex Industries and Exports Limited,0.1576836561238486
Eveready Industries India Limited,0.8496375270721493
Everest Industries Limited,0.792586196823015
Everonn Education Limited,-0.5991506726759149
Excel Crop Care Limited,0.9324477185310714
Excel Industries Limited,0.9203288331392335
Excel Infoways Limited,-0.419467875426634
Exide Industries Limited,0.8305097770785368
Fertilizers and Chemicals Travancore Limited,0.18682907615377492
FAG Bearings India Limited,0.9270450277445993
Fame India Limited,0.49799701472213076
Farmax India Limited,-0.26608278505823263
Future Capital Holdings Limited,-0.2352304179650781
FCS Software Solutions Limited,-0.5470119036608643
FDC Limited,0.8744586301065274
Fedders Lloyd Corporation Limited,-0.05667921744505813
The Federal Bank Limited,-0.45071496258652505
Fiem Industries Limited,0.9179655341942596
Filatex India Limited,0.848181583258531
Financial Technologies (India) Limited,-0.6539105486506686
Finolex Cables Limited,0.9523618359269898
Finolex Industries Limited,0.965245852967758
First Leasing Company of India Limited,0.3359624813281885
First Winner Industries Limited,-0.4330394046747874
Fresenius Kabi Oncology Limited,0.5317628559254112
Flexituff International Limited,-0.7906995788847098
Federal-Mogul Goetze (India) Limited.,0.8604511232803069
Fortis Healthcare Limited,0.6494961779625175
Foseco India Limited,0.9206587922343777
Firstsource Solutions Limited,0.15879802421376724
Franklin Templeton Capital Protection Oriented Fund,0.5114208527244408
Franklin Templeton Capital Protection Oriented Fund,0.58214480991918
Franklin Templeton Mutual Fund-Capital Safety Fund-5Y Dividend Option,0.7901917056591773
Franklin Templeton Mutual Fund-Capital Safety Fund-5Y (Growth Option),0.5608003327720841
Future Ventures India Limited,0.6089284904919893
Gabriel India Limited,0.9362875482780936
Gujarat Ambuja Exports Limited,0.8471349881923474
GAIL (India) Limited,0.4231760800592376
Gyscoal Alloys Limited,0.8205082634136399
Gallantt Metal Limited,0.7806491075125583
Gammon Infrastructure Projects Limited,-0.6768731895610054
Gammon India Limited,-0.5691026498100815
Gandhi Special Tubes Limited,0.9560938034317578
Ganesh Housing Corporation Limited,-0.24442681857712326
Gangotri Textiles Limited,-0.44235678166631315
Garden Silk Mills Limited,-0.5104246473348804
Garware Wall Ropes Limited,0.9361736377806913
GATI Limited,0.5200420541456733
Gayatri Projects Limited,0.9083162966382098
Gateway Distriparks Limited,0.5908898317824083
GeeCee Ventures Limited,0.843431538997468
GEI Industrial Systems Limited,-0.6545827467451022
Gemini Communication Limited,-0.563834776859794
Genesys International Corporation Limited,0.4728793494263968
Genus Power Infrastructures Limited,0.7110493718882293
Geodesic Limited,-0.5203054023419523
Geojit BNP Paribas Financial Services Limited,0.49447353880640543
Geometric Limited,0.8273567827682755
The Great Eastern Shipping Company Limited,0.5033515683293937
GHCL Limited,0.6808191760288991
GIC Housing Finance Limited,0.9690253146457473
Gillanders Arbuthnot & Company Limited,-0.4402830306992772
Gillette India Limited,0.921348872317634
Ginni Filaments Limited,0.6749181984332442
Gujarat Industries Power Company Limited,0.5325326153271598
GI Engineering Solutions Limited,-0.32898807012913966
Gitanjali Gems Limited,-0.39153048365613824
GKB Ophthalmics Limited,-0.08554673257003435
GKW Limited,0.291567287792682
GlaxoSmithKline Pharmaceuticals Limited,0.6732988317997869
Glenmark Pharmaceuticals Limited,0.705580220492681
Gujarat Lease Financing Limited,-0.332089179958363
Global Vectra Helicorp Limited,0.24474755712344495
Global Offshore Services Limited,-0.08223696427880661
Globus Spirits Limited,-0.33865285785434524
Glodyne Technoserve Limited,-0.43782423229201806
Glory Polyfilms Limited,-0.7106392591150987
GM Breweries Limited,0.7728362541211008
Gujarat Mineral Development Corporation Limited,-0.07133991845855882
GMR Infrastructure Limited,-0.5368040277067818
Gujarat Narmada Valley Fertilizers and Chemicals Limited,0.7170012814926817
Goa Carbon Limited,0.5990846827041596
Godfrey Phillips India Limited,0.8425509368630295
Godrej Consumer Products Limited,0.8397642558680434
Godrej Industries Limited,0.9238302398435589
Godrej Properties Limited,0.7154384627222122
Goenka Diamond and Jewels Limited,-0.47507260306585264
Gokaldas Exports Limited,-0.44854598905847576
Gokul Refoils and Solvent Limited,-0.5145277471149147
Golden Tobacco Limited,-0.17082912548868884
Goldiam International Limited,0.10069723773205493
Goldstone Infratech Limited,0.6535807410295499
Goldstone Technologies Limited,-0.3106609759632289
Godawari Power And Ispat limited,-0.007028472758297916
Gujarat Pipavav Port Limited,0.642921020835652
Grabal Alok Impex Limited,-0.5833745068099422
Granules India Limited,0.8978056340354452
Graphite India Limited,0.613019171471825
Grasim Industries Limited,0.9310798219002868
Gravita India Limited,0.03831711751498578
Greaves Cotton Limited,0.8415814570014601
Greenply Industries Limited,0.9598886485066327
Orient Green Power Company Limited,-0.39047975835780396
Grindwell Norton Limited,0.637534576957256
Gruh Finance Limited,0.929337750487993
Gujarat State Fertilizers & Chemicals Limited,0.8595755946884582
GlaxoSmithKline Consumer Healthcare Limited,0.8108561358969818
GSL Nova Petrochemicals Limited,-0.560169464576941
Gujarat State Petronet Limited,0.9076353554929928
GSS Infotech Limited,-0.43517222881606654
GTL Limited,-0.508983168415129
GTL Infrastructure Limited,-0.576174859536552
GTN Industries Limited,-0.23330514849791154
GTN Textiles Limited,0.2177533495699227
GOL Offshore Limited,-0.5875335802244083
Gufic Biosciences Limited,0.8532960562617792
Gujarat Alkalies and Chemicals Limited,0.8265622831551526
Gujarat Apollo Industries Limited,0.1609712559289287
Gujarat Fluorochemicals Limited,0.8208330583100893
Gujarat NRE Coke Limited,-0.5958207915120582
Gujarat NRE Coke Limited,-0.5745550761410058
Gujarat Gas Company Limited,0.7626889174042429
Gujarat Sidhee Cements Limited,-0.2568674053001666
Gujarat State Financial Corporation,nan
Gulf Oil Corporation Limited,0.1433829042117719
GVK Power & Infrastructure Limited,-0.4924123584717977
Halonix Limited,-0.2572810948130243
Hanung Toys and Textiles Limited,-0.589793631859035
Harita Seating Systems Limited,0.9441242826480043
Harrisons Malayalam Limited,-0.1475092133442184
Hathway Cable & Datacom Limited,-0.0577314849780784
Havells India Limited,0.9707179448234945
HBL Power Systems Limited,0.6726528773317147
HB Stockholdings Limited,-0.04895555226467135
Hindustan Construction Company Limited,-0.40466931067119305
Himadri Chemicals and Industries Limited,-0.49960938551864564
HCL Infosystems Limited,-0.5317680993044914
HCL Technologies Limited,0.48794655979577045
Housing Development Finance Corporation Limited,0.9534736456577828
HDFC Bank Limited,0.9764951683287642
Housing Development and Infrastructure Limited,-0.38575627213066693
HEG Limited,0.4975124338855887
HeidelbergCement India Limited,0.9489169150052558
Helios And Matheson Information Technology Limited,-0.3493155929077649
Hercules Hoists Limited,-0.2648348099524905
Heritage Foods Limited,0.9341495255076665
Hero MotoCorp Limited,0.9227050597104045
Hexaware Technologies Limited,0.7806328146921871
Himachal Futuristic Communications Limited,0.6331422829309673
Hinduja Global Solutions Limited,0.6730132850053695
Hikal Limited,0.8873921958614676
Hilton Metal Forging Limited,0.22050502622098478
Himatsingka Seide Limited,0.7942821666003008
Hindalco Industries Limited,0.4364991131492552
Hindustan Composites Limited,0.8671631487630377
Hindustan Copper Limited,-0.5617865816225139
Hindustan Dorr-Oliver Limited,-0.5779004842413868
Hindustan Motors Limited,-0.35530384150226446
Hindusthan National Glass & Industries Limited,-0.5987081279784765
Hindustan Oil Exploration Company Limited,-0.3546843106217189
Hindustan Petroleum Corporation Limited,0.567810482144684
Hind Syntex Limited,0.5043840851193911
Hinduja Foundries Limited,-0.5712066406075201
Hinduja Ventures Limited,0.6547918786014245
Hindustan Unilever Limited,0.9242569256231666
Hindustan Zinc Limited,0.7316938116392083
Hira Ferro Alloys Limited,-0.14832503192791907
Hind Rectifiers Limited,0.08298085670272014
Hitachi Home and Life Solutions (India) Limited,0.8825747258762742
The Hi-Tech Gears Limited,0.8334705868662189
Hitech Plast Limited,0.7940645718525177
HMT Limited,-0.4188852462025571
Hindustan Media Ventures Limited,0.8353852176954946
Hindustan Organic Chemicals Limited,-0.37104960695260975
Honeywell Automation India Limited,0.9535496289972412
Honda Siel Power Products Limited,0.9272265304272991
House of Pearl Fashions Limited,-0.24461724625093959
Horizon Infrastructure Limited,-0.566123848291707
Hotel Leela Venture Limited,-0.5794288455812383
Hotel Rugby Limited,-0.167426537858627
HOV Services Limited,0.5429424545497983
HSIL Limited,0.8453984227714954
HT Media Limited,-0.3978119433814944
Hyderabad Industries Limited,0.404208998435341
Indiabulls Power Limited,-0.4745054141619083
Indiabulls Real Estate Limited,-0.21375177361226103
Indiabulls Securities Limited,-0.3233610804343998
Indiabulls Wholesale Services Limited,0.6625182452680375
ICICI Bank Limited,0.7662535597215229
Indo Count Industries Limited,0.8111311034426036
ICRA Limited,0.881257144141707
IDBI Bank Limited,-0.38899608119789725
Idea Cellular Limited,0.13439860806786938
IDFC Limited,-0.32515288870252623
IFB Industries Limited,0.8955802789294409
IFCI Limited,-0.17835080328240954
IFGL Refractories Limited,0.828791175558619
Igarashi Motors India Limited,0.9268131783044431
Indraprastha Gas Limited,0.9451707523261313
IG Petrochemicals Limited,0.8498629387318118
Industrial Investment Trust Limited,-0.5346634062418121
Indian Metals & Ferro Alloys Limited,0.30246137183696153
India Motor Parts and Accessories Limited,0.7989486998850615
Impex Ferro Tech Limited,-0.6491090104800361
Indbank Merchant Banking Services Limited,0.4481747634872799
The Indian Hotels Company Limited,-0.25787232670291327
Indiabulls Financial Services Limited,-0.07198639941594792
The India Cements Limited,0.07679975668510147
India Glycols Limited,0.23712023982146133
India Infoline Limited,-0.1879608770128417
Indian Bank,0.5822783282188796
Indian Card Clothing Company Limited,0.214042511793282
Indian Hume Pipe Company Limited,0.8862061349230345
IMP Powers Limited,-0.03157466598907645
India Nippon Electricals Limited,0.8761860086612384
Indoco Remedies Limited,0.7728527181298676
Indo Rama Synthetics (India) Limited,-0.2538328664415962
Indosolar Limited,-0.018667089303994387
Indo Tech Transformers Limited,-0.17974108946253686
Indo Thai Securities Limited,0.7777361657465826
Indowind Energy Limited,-0.371225993055532
Indraprastha Medical Corporation Limited,0.723427541233849
Ind-Swift Laboratories Limited,-0.38323735933425307
Ind-Swift Limited,-0.585384446148469
Indian Terrain Fashions Limited,0.9398521876194377
Indus Fila Limited,-0.3526753953048326
IndusInd Bank Limited,0.9862891456934807
INEOS ABS (India) Limited,0.7966306769678608
Infinite Computer Solutions (India) Limited,0.7173711929426648
Info-Drive Software Limited,-0.5323535543351041
Infomedia Press Limited,-0.5059579709953701
Infotech Enterprises Limited,-0.37292771259966184
Infosys Limited,-0.7717388469718588
Ingersoll Rand (India) Limited,0.8283739007581157
ING Vysya Bank Limited,0.9586851505340045
Innoventive Industries Limited,-0.5258780385231292
INOX Leisure Limited,0.7900727532178947
Insecticides (India) Limited,0.7681768940208475
Inventure Growth & Securities Limited,-0.34988736539450366
Indian Overseas Bank,-0.6887387796069472
Indian Oil Corporation Limited,-0.04451646717033946
IOL Chemicals and Pharmaceuticals Limited,0.6409235001923227
IOL Netcom Limited,-0.44902297228353244
IPCA Laboratories Limited,0.6081108488227719
IP Rings Limited,-0.10906986058605554
IRB Infrastructure Developers Limited,0.427628171516929
Intrasoft Technologies Limited,0.8470551610060288
ISMT Limited,-0.5113662870414956
ITC Limited,0.5097223344572448
ITD Cementation India Limited,0.8299139860685526
ITI Limited,0.4546320028383102
IL&FS Investment Managers Limited,-0.45351662009008314
IVP Limited,0.9298236060194732
IVRCL Assets & Holdings Limited,-0.03928043791079312
IVRCL Limited,-0.5741621487112621
Jagran Prakashan Limited,0.8467880724317484
Jagsonpal Pharmaceuticals Limited,0.5904785797825651
Jai Balaji Industries Limited,-0.5339718701196502
Jai Corp Limited,-0.21267718001269043
Jain Studios Limited,-0.4613520296888392
Jamna Auto Industries Limited,0.9251761435184325
Jayant Agro Organics Limited,0.7859874844957762
Jay Bharat Maruti Limited,0.8796702505095073
Jayaswal Neco Industries Limited,-0.5028177557306714
Jayshree Tea & Industries Limited,-0.28144474380104306
JB Chemicals & Pharmaceuticals Limited,0.8976221670635909
JBF Industries Limited,0.7547990730431008
JBM Auto Limited,0.880361746981926
JCT Electronics Limited,-0.5329739423831622
Jenson & Nicholson (India) Limited,0.3453607650252587
Jet Airways (India) Limited,-0.08084398413525286
JHS Svendgaard Laboratories Limited,0.23186751251286208
JIK Industries Limited,-0.48724989556747966
Jindal Photo Limited,-0.35570378036393824
Jindal Poly Films Limited,0.35149564647805376
Jindal Saw Limited,-0.18146228792563535
Jindal Steel & Power Limited,-0.43517394817945115
Jindal South West Holdings Limited,0.35889151986471607
Jindal Cotex Limited,-0.5854042313796315
Jindal Drilling And Industries Limited,-0.4962999874599257
Jindal Worldwide Limited,0.7097841971090595
Jain Irrigation Systems Limited,-0.045132384179007494
JK Cement Limited,0.9639838082872264
J.Kumar Infraprojects Limited,0.3999731961710857
JK Lakshmi Cement Limited,0.9183689126430783
JK Paper Limited,0.7104105899807757
JK Tyre & Industries Limited,0.9297436584365711
JMC Projects (India) Limited,0.6238242249525177
JM Financial Limited,0.23329488049177471
JMT Auto Limited,0.2728843231541639
Jocil Limited,-0.06142633073966133
Jaiprakash Associates Limited,-0.5447539481664055
Jaypee Infratech Limited,-0.6357424775155341
Jaiprakash Power Ventures Limited,-0.6848145093342561
Jindal Stainless Limited,-0.0823559020193575
JSW Energy Limited,0.03282782070753365
JSW ISPAT Steel Limited,-0.4336071766679724
JSW Steel Limited,0.8861358098952012
Jubilant Life Sciences Limited,0.778571462528844
Jubilant Foodworks Limited,0.49125724697586726
Jubilant Industries Limited,0.5201933096218455
Jumbo Bag Limited,-0.4344235344968116
Jupiter Bioscience Limited,-0.3753084986223399
JVL Agro Industries Limited,0.7014890251879368
Jyothy Laboratories Limited,0.8718569442537464
Jyoti Structures Limited,-0.5738769033991347
Kabra Extrusion Technik Limited,0.6912057532476684
Kajaria Ceramics Limited,0.961846562813157
Kakatiya Cement Sugar & Industries Limited,0.8700755394821778
Kale Consultants Limited,0.5524860321280803
Kalindee Rail Nirman (Engineers) Limited,-0.28135625722470053
Kalpataru Power Transmission Limited,0.6190716304483725
Kamat Hotels (I) Limited,-0.4128953230141613
Kandagiri Spinning Mills Limited,-0.4067747086511075
Kanoria Chemicals & Industries Limited,0.7167759330709969
Kansai Nerolac Paints Limited,0.9759006461023909
Karma Energy Limited,0.8511566597730499
Karur K.C.P. Packkagings Limited,0.1353519424867473
Karur Vysya Bank Limited,0.6121170625788629
Kaushalya Infrastructure Development Corporation Limited,-0.45820240784157296
Kavveri Telecom Products Limited,-0.5521498271963345
Kirloskar Brothers Investments Limited,0.9236990434098009
KCP Limited,-0.29063608890864767
KCP Sugar and Industries Corporation Limited,-0.17624402957619736
KEC International Limited,-0.2369700741587068
Kirloskar Electric Company Limited,0.08408715731135095
KEI Industries Limited,0.7983318823482751
Kemrock Industries and Exports Limited,-0.6741982382474363
Kernex Microsystems (India) Limited,-0.47239306846308016
Kesar Enterprises Limited,-0.13769152953858485
Kesoram Industries Limited,-0.39329905768741474
Keynote Corporate Services Limited,0.006413359762775542
Kingfisher Airlines Limited,-0.5300554078141808
Karuturi Global Limited,-0.5240087153208511
Khaitan Electricals Limited,-0.5048030465566494
Khaitan (India) Limited,-0.10121846392040353
Khandwala Securities Limited,-0.3711994582067118
Kalyani Investment Company Limited,0.7440619476055966
Kamdhenu Ispat Limited,0.5331005195836571
Kilitch Drugs (India) Limited,0.17129015868194075
Kinetic Motor Company Limited,-0.5179760442852661
Kiri Industries Limited,0.813166922394182
Kirloskar Brothers Limited,0.49057464602546064
Kirloskar Oil Engines Limited,0.9387551189969959
Kirloskar Industries Limited,0.9596552521027896
Kitply Industries Limited,-0.7066244189675328
Kewal Kiran Clothing Limited,0.8196589218968586
KLG Systel Limited,-0.2989745952996034
KLRF Limited,0.06124143295613036
K.M.Sugar Mills Limited,0.3683939261588482
KNR Constructions Limited,0.946446871434638
Kohinoor Foods Limited,0.054902433737000336
Kolte - Patil Developers Limited,0.7320849900128937
KDL Biotech Limited,-0.5854608897482197
Kopran Limited,0.687324550738633
Kotak Mahindra Bank Limited,0.7562777219340311
Kothari Sugars And Chemicals Limited,0.03732400315854547
Kothari Petrochemicals Limited,0.5753941543392402
Kothari Products Limited,-0.5933082979892951
Koutons Retail India Limited,-0.6839633616627554
KPIT Technologies Limited,0.2510968529139888
K.P.R. Mill Limited,0.8562922751348968
KRBL Limited,0.9471296177670235
Krishna Engineering Works Limited,-0.5272157671930288
Kriti Industries (India) Limited,0.5115914531444965
KSB Pumps Limited,0.6739820790362578
Kaveri Seed Company Limited,0.1019036978308692
KSE Limited,0.8664124169508944
KSK Energy Ventures Limited,-0.7297565980859484
Kalyani Steels Limited,0.9494790409314825
K S Oils Limited,-0.5852425428559197
Kesar Terminals & Infrastructure Limited,0.7524806956931742
The Karnataka Bank Limited,0.13979037271424538
kwality limited,0.3452620488656791
Lakshmi Precision Screws Limited,-0.22511275333004804
Lakshmi Energy and Foods Limited,-0.4435513172805277
The Lakshmi Mills Company Limited,0.22262039112908408
Lakshmi Vilas Bank Limited,0.6506856415505129
Lanco Industries Limited,0.1271174037185748
La Opala RG Limited,0.8795049533467504
Lakshmi Machine Works Limited,0.8509810787227119
LCC Infotech Limited,-0.33649135304933314
LG Balakrishnan & Bros Limited,0.8388475610136296
Liberty Shoes Limited,0.38349144263410323
LIC Housing Finance Limited,0.9434756534520182
Lanco Infratech Limited,-0.541735401128293
Lloyd Electric & Engineering Limited,0.6384597728971797
Lloyds Finance Limited,-0.2761910621759231
Lloyds Steel Industries Limited,0.3002200825868859
LML Limited,-0.25409067414826886
Logix Microsystems Limited,-0.40617688880784986
Lokesh Machines Limited,0.09195871297091926
Lotus Eye Hospital and Institute Limited,0.2626346000759623
Lovable Lingerie Limited,-0.6089851407778014
Landmark Property Development Company Limited,-0.11893171944294886
Larsen & Toubro Limited,-0.22121804032005357
Lumax Automotive Systems Limited,-0.31656955028160266
Lumax Industries Limited,0.8614603062751749
Lumax Auto Technologies Limited,0.9475896435451509
Lupin Limited,0.7262010034498141
Lyka Labs Limited,0.38349865847148656
Maan Aluminium Limited,0.7599383473284064
Madhav Marbles and Granites Limited,0.7343484331872177
Madhucon Projects Limited,-0.39928138779796946
Madras Cements Limited,-0.4579675963119316
Madras Fertilizers Limited,0.4701017380199992
Magma Fincorp Limited,0.8936945515019712
Magnum Ventures Limited,-0.1452467178310754
Bank of Maharashtra,-0.3294695181144097
Mahindra Forgings Limited,-0.280023909759906
Mahindra Ugine Steel Company Limited,0.5114681703925686
Mahindra Lifespace Developers Limited,0.28117600570457674
Maharashtra Scooters Limited,0.9629519810634002
Maharashtra Seamless Limited,-0.009955406383722358
Maithan Alloys Limited,0.8678724130880788
Malu Paper Mills Limited,0.19228920331121005
Malwa Cotton Spg. Mills Limited,-0.49472929017416295
Manaksia Limited,0.004809468367130674
Manali Petrochemicals Limited,0.8952353634074067
Manappuram Finance Limited,0.34388775848942443
Mandhana Industries Limited,-0.7606703358096031
Mangalam Drugs And Organics Limited,0.7791365229948106
Mangalore Chemicals & Fertilizers Limited,0.6513630242940959
Mangalam Cement Limited,0.8753831206479367
Mangalam Timber Products Limited,0.20448251791473573
Man Industries (India) Limited,-0.1459396920293728
Man Infraconstruction Limited,0.4949735210410463
Manjeera Constructions Limited,-0.6296461954934656
Manjushree Technopack Limited,0.8504563746315947
Manugraph India Limited,-0.30641522980367836
Maral Overseas Limited,0.5965818945315832
Marg Limited,-0.5968139683029187
Marico Limited,0.7861075709670748
Marksans Pharma Limited,0.622366112566407
Maruti Suzuki India Limited,0.9713494433485325
Mastek Limited,-0.08428817100429968
Mawana Sugars Limited,0.7464660705495098
Max India Limited,-0.06048382880192782
Maxwell Industries Limited,0.8506709127669366
Mcnally Bharat Engineering Company Limited,-0.44896609094190654
MBL Infrastructures Limited,-0.2785825150749934
M AND B Switchgears Limited,-0.23730714707855582
McDowell Holdings Limited,-0.4105122608793194
United Spirits Limited,0.6917307161362972
Mcleod Russel India Limited,0.21154076969668434
Megasoft Limited,-0.31291356958445843
Meghmani Organics Limited,0.7944527087168006
Melstar Information Technologies Limited,-0.5440093964939745
Merck Limited,0.8768219453217457
Mahindra Holidays & Resorts India Limited,0.25052221822249665
MIC Electronics Limited,-0.38255553815442117
Microsec Financial Services Limited,0.6070949164590197
Micro Technologies (India) Limited,-0.5388366236737735
Minda Industries Limited,0.8498030532554189
MindTree Limited,0.12584674051804232
MIRC Electronics Limited,0.12717983535511335
Mirza International Limited,0.896413515892121
Mercator Lines Limited,-0.10736145921656115
MM Forgings Limited,0.8620177562329184
Money Matters Financial Services Limited,0.15853396516591167
MMTC Limited,-0.4831466268271227
MOIL Limited,0.11689920503861172
Monnet Ispat and Energy Limited,-0.5967759360408336
Monsanto India Limited,0.5882099929106192
Morarjee Textiles Limited,-0.01524511957255549
Morepen Laboratories Limited,0.606433296180324
Moser-Baer (I) Limited,-0.5144093583409015
Motherson Sumi Systems Limited,0.7944691110473544
Motilal Oswal Financial Services Limited,0.8854266443733458
The Motor & General Finance Limited,-0.020575299221370726
MphasiS Limited,0.5507945351166061
MPS Limited,0.7327186909145752
MRF Limited,0.9679043459240437
MRO-TEK Realty Limited,-0.019188843002334616
Mangalore Refinery and Petrochemicals Limited,0.682446469400907
MSP Steel & Power Limited,-0.3228205833401914
Mahanagar Telephone Nigam Limited,-0.5870433887253451
Mudra Lifestyle Limited,-0.3844481674012883
Mukand Engineers Limited,0.49145563864696457
Mukand Limited,0.043719553296711525
Mukta Arts Limited,0.2747526953234198
Mundra Port and Special Economic Zone Limited,-0.15012903322683224
Munjal Auto Industries Limited,0.8112581998791784
Munjal Showa Limited,0.9057195316808818
Murli Industries Limited,-0.4738582375859052
Murudeshwar Ceramics Limited,-0.3065755934786115
Muthoot Finance Limited,0.9337014150827937
MVL Limited,-0.22084638502756876
MVL Industries Limited,-0.4652394529199206
State Bank of Mysore,-0.2384320293726776
Nagreeka Capital & Infrastructure Limited,-0.3260374259929431
Nagreeka Exports Limited,0.5229885011443663
Nahar Capital and Financial Services Limited,0.7745818940731379
Nahar Industrial Enterprises Limited,0.08002924575280426
Nahar Poly Films Limited,0.8757134429723958
Nahar Spinning Mills Limited,0.6521141282331535
Nandan Exim Limited,-0.4422026733289681
Natco Pharma Limited,0.9655514860860555
Nath Seeds  Limited,-0.4391545076019026
National Aluminium Company Limited,-0.42555436825760046
National Steel And Agro Industries Limited,0.35474473655616073
Info Edge (India) Limited,0.4269050115795393
Navin Fluorine International Limited,0.7417041660016659
Navneet Publications India Limited,-0.48918118006554956
Nava Bharat Ventures Limited,-0.3357360008093056
NCC Limited,0.714335618975194
NCL Industries Limited,0.8959093186389829
Nissan Copper Limited,-0.6202531285647245
New Delhi Television Limited,-0.43993132381802624
Nectar Lifesciences Limited,-0.3968615748317298
Nelcast Limited,0.8997764548654174
NELCO Limited,0.16560275458643978
Neocure Therapeutics Limited,-0.6137706501209796
NEPC India Limited,-0.494579137086795
Nesco Limited,0.928414239158332
Nestle India Limited,0.8256918768310357
Net 4 India Limited,-0.5786287825714054
Network18 Media & Investments Limited,-0.4091222024491035
Neuland Laboratories Limited,0.9255771795104053
Next Mediaworks Limited,0.8660880944956776
Neyveli Lignite Corporation Limited,-0.15186260872416785
National Fertilizers Limited,-0.07686739058419664
NHPC Limited,0.2628729161342753
Nicco Corporation Limited,-0.40847144459078716
NIIT Limited,0.13770960802068744
NIIT Technologies Limited,0.7644640745076362
Nilkamal Limited,0.9350385915259363
Indo-National Limited,0.804803954780641
Nitco Limited,-0.23778154035651466
Nitesh Estates Limited,-0.45526140163452034
Nitin Fire Protection Industries Limited,-0.6980049003448392
Nitin Spinners Limited,0.9328240266955742
NMDC Limited,-0.37909145607586137
NOCIL Limited,0.8490548956123609
Noida Toll Bridge Company Limited,-0.5936652827281219
National Oxygen Limited,-0.14897103385126265
Norben Tea & Exports Limited,0.25155271806176943
Northgate Technologies Limited,-0.29873980475781475
Novopan Industries Limited,-0.35129909485216015
NRB Bearing Limited,-0.13824878550560052
NRC Limited,-0.6008951844217169
Nalwa Sons Investments Limited,0.3062053423786159
NTPC Limited,-0.045943230929142036
Nucent Finance Limited,0.26108380220298993
Nuchem Limited,-0.09596439367447678
Nucleus Software Exports Limited,0.04565527699842814
Numeric Power Systems Limited,-0.1365342679728305
Nu Tek India Limited,-0.46094054881844526
Oberoi Realty Limited,0.859541191020599
OCL India Limited,0.9464605129698742
Oracle Financial Services Software Limited,0.7424973426495025
Oil India Limited,-0.6304351332871097
Oil Country Tubular Limited,-0.15333510658021066
OCL Iron and Steel Limited,-0.5384116382048773
Omax Autos Limited,0.13061745899150834
Omaxe Limited,0.21657607668417006
Omkar Speciality Chemicals Limited,0.3078058431496056
OM Metals Infraprojects Limited,0.8365543684896766
Omnitech Infosolutions Limited,-0.5110172210561587
Onelife Capital Advisors Limited,-0.59914107831825
Oil & Natural Gas Corporation Limited,-0.6316593458479889
OnMobile Global Limited,-0.4566266222427527
Onward Technologies Limited,0.6496367735051215
Opto Circuits (India) Limited,-0.6562783975270231
Orbit Corporation Limited,-0.43322643526651866
Orchid Chemicals & Pharmaceuticals Limited,-0.5936501994399319
Orient Abrasives Limited,0.5037614861059843
Oriental Trimex Limited,0.3776890025226937
Oriental Bank of Commerce,-0.4132528812504072
Orient Ceramics and Industries Limited,0.7048454846190035
Oriental Hotels Limited,0.20718286125671026
Orient Press Limited,0.1294012299346422
Orient Paper & Industries Limited,0.49027566772886094
The Orissa Minerals Development Company Limited,-0.5356053945574049
Oswal Minerals Limited,-0.5010613336891196
The Oudh Sugar Mills Limited,-0.01008339539156937
PAE Limited,-0.41356864980863406
Page Industries Limited,0.9384838250299536
Panacea Biotec Limited,-0.2896844656493966
Panama Petrochem Limited,0.8936216382501517
Panasonic Appliances India Company Limited,0.3310719570470131
Panasonic Carbon India Company Limited,0.7365525248186099
Panchsheel Organics Limited,0.7283262853965772
Panoramic Universal Limited,-0.520368696456688
Pantaloon Retail (India) Limited,-0.5501153937214769
Huhtamaki PPL Limited,0.8945146564139952
Parabolic Drugs Limited,-0.5074910879846338
Paramount Communications Limited,-0.32564432156490236
Parekh Aluminex Limited,0.20411119462207006
Paramount Printpackaging Limited,-0.5940310932136715
Paras Petrofils Limited,-0.5679070759782308
Parrys Sugar Industries Limited,-0.4141180286683789
Parsvnath Developers Limited,-0.4688195643470824
Patel Engineering Limited,-0.5044161384472666
Patel Integrated Logistics Limited,0.672904507460963
Patni Computer Systems Limited,0.45652476100682393
Patspin India Limited,0.2841324130484781
PBA Infrastructure Limited,-0.5752023272107909
Parenteral Drugs (India) Limited,-0.5171158650988121
Pudumjee Industries Limited,-0.3980869527854272
Pudumjee Pulp & Paper Mills Limited,-0.3954809876638948
Peacock Industries Limited,0.12011838398799146
Pearl Polymers Limited,0.6504401430916468
Pennar Industries Limited,0.6733362505936857
Peninsula Land Limited,-0.5640738501880781
Pearl Engineering Polymers Limited,-0.2821164059834715
The Peria Karamalai Tea & Produce Company Limited,-0.30690087313674935
Persistent Systems Limited,0.21585272028394928
Petron Engineering Construction Limited,-0.19804053260218601
Petronet LNG Limited,0.8766109636969537
Power Finance Corporation Limited,-0.19576688261100927
Pfizer Limited,0.7865586995686293
Prime Focus Limited,0.5941468359510362
PTC India Financial Services Limited,0.6374239364415634
PG Electroplast Limited,0.4381135755550665
Procter & Gamble Hygiene and Health Care Limited,0.9512823062142728
Phillips Carbon Black Limited,0.7120995058505045
The Phoenix Mills Limited,-0.02022809395281052
Pidilite Industries Limited,0.964069842486724
PI Industries Limited,0.7051732190657094
Pioneer Distilleries Limited,0.7997721753982806
Pioneer Embroideries Limited,-0.1472414117951732
Pipavav Defence and Offshore Engineering Company Limited,-0.16380484572936044
Piramal Glass Limited,0.16973770990432396
Piramal Healthcare Limited,0.8888253135350999
Piramal Life Sciences Limited,-0.33247724569933595
Pitti Laminations Limited,0.8010702828859252
Plastiblends India Limited,0.7972872903216472
Plethico Pharmaceuticals Limited,-0.16555507614523465
Punjab National Bank,-0.5221452386303688
PNB Gilts Limited,0.7783033156387335
Pritish Nandy Communications Limited,-0.3850797170707671
Pochiraju Industries Limited,-0.2858475384641651
Polar Industries Limited,-0.596843619113868
POLARIS CONSULTING & SERVICES LIMITED,0.6825244480601746
Polyplex Corporation Limited,0.5928760410791932
Pondy Oxides & Chemicals Limited,0.409106640752702
Ponni Sugars (Erode) Limited,0.6463101438369959
Power Grid Corporation of India Limited,0.9498228474721294
PPAP Automotive Limited,0.8226015572287633
Pradip Overseas Limited,-0.5799053045747912
Prajay Engineers Syndicate Limited,-0.334158690878607
Praj Industries Limited,-0.2632591195792493
Prakash Industries Limited,0.029543882241032642
Prakash Constrowell Limited,-0.14784908439906974
Prakash Steelage Limited,-0.8416204348845897
Pratibha Industries Limited,-0.5445953514341659
Precot Meridian Limited,-0.361096725526405
Precision Wires India Limited,0.7348233327962653
Premier Limited,-0.371932861052539
Prestige Estates Projects Limited,0.7293287633427513
Pantaloon Retail (India) Limited,-0.039558741686357146
Pricol Limited,0.6492985609589124
Prime Securities Limited,-0.1932035540200027
Prism Cement Limited,0.8949092960890292
Prithvi Information Solutions Limited,-0.6107199348249769
Prithvi Softech Limited,0.5811252368204715
Provogue (India) Limited,-0.004122988121850201
Punjab & Sind Bank,-0.4263206693604944
PSL Limited,-0.586765938257287
PTC India Limited,0.3039641550463627
PTL Enterprises Limited,0.6428135307609998
Punjab Chemicals & Crop Protection Limited,0.694942327121408
Punj Lloyd Limited,-0.5466343665905992
Puravankara Limited,-0.2513523640850656
PVP Ventures Limited,-0.3799758195138411
PVR Limited,0.949459259793031
Quintegra Solutions Limited,-0.3704179409702823
Radaan Mediaworks India Limited,-0.6082248397391047
Radico Khaitan Limited,0.26025188731424925
Rainbow Papers Limited,-0.8223038484096373
Rain Commodities  Limited,-0.46502676448431274
Raisaheb Reckhchand Mohota Spinning & Weaving Mills Limited,-0.16120582492742655
Rajesh Exports Limited,0.8327706543079051
Raj Oil Mills Limited,-0.48840563738985876
Rajapalayam Mills Limited,-0.19433606745145596
Raj Rayon Industries Limited,-0.5143695450899076
Raj Television Network Limited,-0.01023535564730539
Rajvir Industries Limited,-0.5316142901638684
Rallis India Limited,0.8231446173311122
Shree Rama Newsprint Limited,0.1255840078891776
Ramco Industries Limited,0.7324843481821235
Ramco Systems Limited,0.5960247297779694
Ramky Infrastructure Limited,-0.21237446605539625
Ramsarup Industries Limited,-0.4325435886412803
Rana Sugars Limited,-0.3589643960951673
Ranbaxy Laboratories Limited,0.6472958218946533
Rane Engine Valve Limited,0.8887146845952206
Rane Holdings Limited,0.8953709999913747
Ranklin Solutions Limited,-0.7196749375353585
Ratnamani Metals & Tubes Limited,0.9273607222544774
Raymond Limited,0.7991726509422723
Rane Brake Lining Limited,0.9432693201374855
Reliance Broadcast Network Limited,-0.5515476775810767
Rashtriya Chemicals and Fertilizers Limited,0.30104521115626737
Reliance Communications Limited,-0.5552927441527994
Rural Electrification Corporation Limited,0.009472583242828915
Redington (India) Limited,-0.24677599342673828
Refex Industries Limited,-0.007938246058441836
Rei Agro Limited,-0.6661540483329438
REI Six Ten Retail Limited,-0.480882900579399
Relaxo Footwears Limited,0.6953191254517989
Reliance Capital Limited,-0.19867200438777058
Reliance Industries Limited,-0.1979277634370147
Religare Enterprises Limited,-0.7958645525487543
Reliance Infrastructure Limited,-0.36100170686783534
Reliance MediaWorks Limited,-0.5147857834673093
Remsons Industries Limited,0.8417323220892216
Shree Renuka Sugars Limited,-0.531757833629766
Repro India Limited,0.9078274742516435
Responsive Industries Limited,-0.5984493631131168
Resurgere Mines & Minerals India Limited,-0.42430903974293693
Revathi Equipment Limited,0.051996563854304366
Rico Auto Industries Limited,0.3765507038550613
Reliance Industrial Infrastructure Limited,-0.2078819986036814
Renaissance Jewellery Limited,0.8033697181321586
Ravi Kumar Distilleries Limited,-0.16149203339440024
Ramkrishna Forgings Limited,0.8401120199798922
Radha Madhav Corporation Limited,0.09186245154952329
Rane (Madras) Limited,0.9232913347298365
Rohit Ferro-Tech Limited,-0.5452495357993918
Royal Orchid Hotels Limited,0.006516773112795605
Rolta India Limited,-0.4289605572504
Roman Tarmat Limited,-0.13327295599606973
RPG Life Sciences Limited,0.9249999127749752
Reliance Power Limited,-0.5743606780770129
R.P.P. Infra Projects Limited,0.9533972037765783
R. S. Software (India) Limited,0.18931068231722287
RSWM Limited,0.903425917292734
R Systems International Limited,-0.4166697273650918
The Ruby Mills Limited,-0.3047883906334484
Ruchi Infrastructure Limited,-0.5704902423568301
Ruchira Papers Limited,0.9348763358995716
Ruchi Soya Industries Limited,-0.5621307563987504
Rushil Decor Limited,0.8743732107282999
Sabero Organics Gujarat Limited,0.8601158592977648
Sadbhav Engineering Limited,0.8846665336578027
Sagar Cements Limited,0.9281520592133191
Sah Petroleums Limited,0.39737700883067795
Steel Authority of India Limited,-0.4043811702626828
Sakthi Sugars Limited,-0.4486327290898713
Saksoft Limited,0.660436695466871
Sakuma Exports Limited,0.8237891221948408
Salona Cotspin Limited,-0.15692551204284
Salora International Limited,-0.26940366618798384
S.A.L. Steel Limited,-0.5138489620732819
Sambandam Spinning Mills Limited,-0.1461138426655005
Sambhaav Media Limited,0.8643638537575143
The Sandesh Limited,0.9520325190013293
Sangam (India) Limited,0.8091649245102309
Sanghvi Forging and Engineering Limited,0.1670860526148877
Sanghvi Movers Limited,0.38431281146019275
Sanwaria Consumer Limited,-0.376758167256008
Sarda Energy & Minerals Limited,0.5297834877599071
Saregama India Limited,0.6177643417036371
Sarla Performance Fibers Limited,0.8694030315341995
Sarthak Industries Limited,0.016215078070043572
Sasken Technologies Limited,0.5298023619222441
Sathavahana Ispat Limited,0.3406571532406032
Satyam Computer Services Limited,-0.6329608962694672
Savera Industries Limited,0.047884006944920475
State Bank of Bikaner and Jaipur,0.6247760162801139
State Bank of India,-0.5520808738610701
State Bank of Travancore,-0.33054948692954367
Shipping Corporation Of India Limited,-0.4360061842001251
Seamec Limited,-0.06978445520007302
S.E. Investments Limited,-0.6639691587049158
Selan Exploration Technology Limited,-0.07593412088526667
SEL Manufacturing Company Limited,-0.3683699241823235
Sentinel Tea and Exports Limited,0.2972806324870022
Servalakshmi Paper Limited,-0.5547512857107071
Sesa Goa Limited,-0.32014122950792284
Seshasayee Paper and Boards Limited,0.9019361560675617
Sezal Glass Limited,0.42393910339516827
Shree Ganesh Forgings Limited,-0.31059667419539705
Shree Ganesh Jewellery House (I) Limited,-0.6738113698216117
STL Global Limited,-0.10537122125763217
Shah Alloys Limited,-0.38176715706711667
Shakti Pumps (India) Limited,0.8325652018553773
Shalimar Paints Limited,0.8793279549675568
Shanthi Gears Limited,0.8365128182570879
Sharyans Resources Limited,-0.4100450015397095
Shasun Pharmaceuticals Limited,0.9062429055117464
Shilpa Medicare Limited,0.9292589708559298
Shilpi Cable Technologies Limited,0.4948641126286986
Shiv-Vani Oil & Gas Exploration Services Limited,-0.5643674256876563
Shivam Autotech Limited,0.6720308826602175
Shiva Texyarn Limited,0.8632410583460646
Shri Lakshmi Cotsyn Limited,-0.43784541897036255
Shoppers Stop Limited,0.5766383980020211
Shree Ashtavinayak Cine Vision Limited,-0.7041126743803154
SHREE CEMENT LIMITED,0.9760454318321812
Shree Rama Multi-Tech Limited,0.45644239433124134
Shrenuj & Company Limited,-0.20045923671982657
Shreyans Industries Limited,0.8629296315292013
Shreyas Shipping & Logistics Limited,0.7369595402420511
Shriram City Union Finance Limited,0.91911046642557
Shriram EPC Limited,-0.6078571112458298
Shyam Telecom Limited,-0.5190189298859766
Sicagen India Limited,0.7476205606496177
Sical Logistics Limited,0.168190671167959
Siemens Limited,0.5093409829477192
SIL Investments Limited,0.6068063271498586
Simbhaoli Sugars Limited,-0.6127996493025134
Simplex Projects Limited,-0.4869978939736065
Simplex Infrastructures Limited,0.1760713576792768
Sintex Industries Limited,-0.3598061950463204
The Sirpur Paper Mills Limited,-0.6962443011125412
Sita Shree Food Products Limited,-0.21082061344569647
Siyaram Silk Mills Limited,0.9274465374171244
SJVN Limited,0.9101584331777415
SKF India Limited,0.9326070811300777
SKM Egg Products Export (India) Limited,0.6163323784197754
SKS Microfinance Limited,0.25785463202703657
S. Kumars Nationwide Limited,-0.4811280203353085
Smartlink Network Systems Limited,0.8359747052716979
SML Isuzu Limited,0.763894672590805
S Mobility Limited,-0.598205960089532
Splendid Metal Products Limited,-0.4004727059564485
SMS Pharmaceuticals Limited,0.8885362746420579
Sobha Limited,-0.00977305069867315
Software Technology Group International Limited,-0.43635475910772775
Solar Industries India Limited,0.9295910277161819
Somany Ceramics Limited,0.9792701462087245
Soma Textiles & Industries Limited,-0.3872467626524689
Sona Koyo Steering Systems Limited,0.8589496780713525
Sonata Software Limited,0.8808518766577651
Savita Oil Technologies Limited,0.8519081949393271
Southern Ispat And Energy Limited,-0.3527195731386129
The South Indian Bank Limited,-0.43377022092339107
Spanco Limited,-0.8296527741075961
Sun Pharma Advanced Research Company Limited,0.8683160159193504
Spentex Industries Limited,-0.4204567134337085
Southern Petrochemicals Industries Corporation Limited,0.40615926500424526
SPML Infra Limited,-0.08599163358053971
Shekhawati Poly-Yarn Limited,-0.7433544557449393
SREI Infrastructure Finance Limited,0.6849091147076375
SRF Limited,0.9402116600568768
SRG Infotec (India) Limited,-0.47098458233852714
SRHHL Industries Limited,-0.17110046104214574
Sree Rayalaseema Hi-Strength Hypo Limited,0.8988838797397501
Sri Chamundeswari Sugars Limited,-0.43228505346008894
SRS Limited,-0.9078314978982862
Shriram Transport Finance Company Limited,0.8449532194447642
Steel Strips Wheels Limited,0.9338962918326086
Strides Shasun Limited,0.7439750433230142
Star Paper Mills Limited,0.753192902012164
The State Trading Corporation of India Limited,-0.21828110112938487
Sterlite Industries ( India ) Limited,-0.5419947782155874
Sterling Biotech Limited,-0.6773179265430692
Sterling Tools Limited,0.9103675026184034
Store One Retail India Limited,0.7841420774436578
Sterlite Technologies Limited,0.6904013404485942
Subex Limited,-0.46048155466331175
Sudar Industries Limited,-0.4761200896855534
Sudarshan Chemical Industries Limited,0.904354597512469
Sujana Tower Limited,-0.07713558640515857
Sujana Universal Industries Limited,-0.5706430721069148
Sumeet Industries Limited,0.27043049368125194
Summit Securities Limited,0.9121902871235055
Sundaram Clayton Limited,0.5655195697223687
Sundaram Multi Pap Limited,-0.6505546011081794
Sundaram Finance Limited,0.9114026186786731
Sundaram Brake Linings Limited,0.4812594911610496
Sundram Fasteners Limited,0.8743259765829745
Sunflag Iron And Steel Company Limited,0.7378729477729434
Sunil Hitech Engineers Limited,0.15444649773827934
Sun Pharmaceutical Industries Limited,-0.333863318878074
Sunteck Realty Limited,0.1254991227550459
Sun TV Network Limited,0.5412079645264659
Super Sales India Limited,0.2889469841708421
Super Spinning Mills Limited,-0.2053260664362619
Supreme Petrochem Limited,0.9465001862577785
Suprajit Engineering Limited,0.9574914545214654
Supreme Industries Limited,0.9689959343487534
Supreme Infrastructure India Limited,-0.23612615268282702
Su-Raj Diamonds and Jewellery Limited,0.09637076530915091
Surana Corporation Limited,-0.47137942517936465
Surana Industries Limited,-0.5861114815721997
Surana Ventures Limited,0.4560836114576416
Suryajyoti Spinning Mills Limited,-0.5422072361656882
Suryalakshmi Cotton Mills Limited,0.1075066278384773
Surya Pharmaceutical Limited,-0.242193977819037
Surya Roshni Limited,0.9121354483164522
Sutlej Textiles and Industries Limited,0.9701926118583808
Suven Life Sciences Limited,0.7660804471273523
Suzlon Energy Limited,-0.49593134834032127
Swaraj Engines Limited,0.9670881320265338
Symphony Limited,0.5932164434424347
Syncom Healthcare Limited,-0.46317880043619103
Syndicate Bank,-0.05312307142405686
Tainwala Chemical and Plastic (I) Limited,0.8784432496954646
Taj GVK Hotels & Resorts Limited,-0.09151182653043427
Take Solutions Limited,0.7865937341524035
Taksheel Solutions Limited,-0.42504176010155564
Talbros Automotive Components Limited,0.8960563836981654
Talwalkars Better Value Fitness Limited,0.6451573060712852
Tanfac Industries Limited,-0.6042263547995039
Tanla Solutions Limited,-0.2890338253582675
Tantia Constructions Limited,-0.5748440551972752
Tarapur Transformers Limited,-0.5429837933055307
Tata Chemicals Limited,0.9237839521642224
Tata Coffee Limited,0.7635231178350573
Tata Communications Limited,0.7006103571902311
Tata Elxsi Limited,0.783822046342622
Tata Global Beverages Limited,0.6212826702463768
Tata Investment Corporation Limited,0.780380140947603
Tata Metaliks Limited,0.8185175179129281
Tata Motors Limited,0.7871548339328854
Tata Motors Limited,0.69768251980253
Tata Power Company Limited,-0.10084732301061797
Tata Sponge Iron Limited,0.8857424364354886
Tata Steel Limited,-0.0002607379575628976
Transport Corporation of India Limited,0.8259303274695986
TCI Developers Limited,0.9182704452832758
TCI Finance Limited,-0.021297498373135153
Tata Consultancy Services Limited,0.7663531171367913
TD Power Systems Limited,-0.33826689019883693
Tech Mahindra Limited,0.13216401879022852
Techno Electric & Engineering Company Limited,0.5921048492368897
Technofab Engineering Limited,0.6420459423634124
Tecpro Systems Limited,-0.5616065323320512
Teledata Technology Solutions Limited,-0.759297488714371
Teledata Marine Solutions Limited,0.7284936176286472
Texmaco Limited,-0.34846551152821115
Texmo Pipes and Products Limited,-0.09499071372218612
Texmaco Rail & Engineering Limited,0.5249010222522502
Tourism Finance Corporation of India Limited,0.8765566173148239
Transwarranty Finance Limited,-0.3330060365896424
Thangamayil Jewellery Limited,0.6947658334561161
Themis Medicare Limited,0.8502747199388039
Thermax Limited,0.7594290691865532
Thinksoft Global Services Limited,0.34968166267257733
Thiru Arooran Sugars Limited,-0.48726394729989264
Thomas Cook (India) Limited,0.894950736204593
Tilaknagar Industries Limited,-0.5638752160830749
Tide Water Oil Company (India) Limited,0.2523673432792655
Technocraft Industries (India) Limited,0.9648827851002192
Tijaria Polypipes Limited,0.22763144222295809
TIL Limited,0.3315105493392568
Times Guaranty Limited,0.14025453955612777
Time Technoplast Limited,0.7656323176803959
Timken India Limited,0.9459980899394719
The Tinplate Company of India Limited,0.6977978806944369
TIPS Industries Limited,0.6044166552500411
Thirumalai Chemicals Limited,0.7894944771037886
Titan Company Limited,0.8820157388490845
Tamilnadu PetroProducts Limited,0.7050500514538817
Tamil Nadu Newsprint & Papers Limited,0.9372043203191976
Todays Writing Instruments Limited,-0.5230693557250392
Tokyo Plast International Limited,0.9375411774920428
Torrent Pharmaceuticals Limited,0.8755364774307628
Torrent Power Limited,0.24423987182785775
Tree House Education & Accessories Limited,-0.6131704529059774
Trent Limited,0.9520175380768888
TRF Limited,-0.30511328038160396
Tricom India Limited,-0.6772685577188841
Trident Limited,0.9483590304886748
Trigyn Technologies Limited,0.9084976794780593
Transformers And Rectifiers (India) Limited,0.003751617999516146
Triveni Engineering & Industries Limited,-0.06744306067294635
TTK Healthcare Limited,0.8125087676226571
TTK Prestige Limited,0.8997200569761554
T T Limited,0.8952136606824108
Tata Teleservices (Maharashtra) Limited,-0.6307883658801638
Tube Investments of India Limited,0.7637943513442482
Tulip Telecom Limited,-0.3535881785360868
Tulsi Extrusions Limited,-0.43327574486927384
Tulsyan Nec Limited,-0.540852057546388
TV18 Broadcast Limited,0.6226611509998522
TVS Electronics Limited,0.7898312275206325
TVS Motor Company Limited,0.9262859857341721
TVS Srichakra Limited,0.9368838988015217
TV Today Network Limited,0.8535314050853782
Twilight Litaka Pharma Limited,-0.40748280975894063
Titagarh Wagons Limited,0.542351963106866
UB Engineering Limited,-0.49014632336559916
United Breweries (Holdings) Limited,-0.52397436137538
United Breweries Limited,0.7058686476428291
Ucal Fuel Systems Limited,0.5448890031535858
UCO Bank,-0.0786820636306031
UFLEX Limited,0.8239073778603514
The Ugar Sugar Works Limited,0.6733718534444848
UltraTech Cement Limited,0.9584890844221515
Usha Martin Education & Solutions Limited,-0.6005902777410163
Unichem Laboratories Limited,0.8392715998906584
Uniphos Enterprises Limited,0.8071709052877786
Union Bank of India,-0.1395293192166257
United Phosphorus Limited,-0.41625430202901215
Uniply Industries Limited,0.9092508254941133
Unitech Limited,-0.3381742966353078
United Bank of India,-0.6818330221334106
The United Nilgiri Tea Estates Company Limited,0.7561485349375301
Unity Infraprojects Limited,-0.6230217758390051
Universal Cables Limited,0.2979539326146285
Upper Ganges Sugar & Industries Limited,0.29753289188805004
Usha Martin Limited,-0.45101418815327415
Usher Agro Limited,-0.7301446151382832
Uttam Galva Steels Limited,-0.30941469422741186
Uttam Sugar Mills Limited,0.12286339584922602
UTV Software Communications Limited,0.6722397290374513
Vadilal Industries Limited,0.9230703621933561
Vaibhav Gems Limited,-0.5428042967975878
Vakrangee Softwares Limited,0.048101600123854074
Valecha Engineering Limited,-0.44061954688668414
Value Industries Limited,-0.4808914486560696
Vardhman Acrylics Limited,0.9582923660136925
Vardhman Polytex Limited,-0.34671681100575563
Varun Industries Limited,-0.16957025054093866
Varun Shipping Company Limited,-0.7527537121282737
Vascon Engineers Limited,-0.3501021529056529
Vaswani Industries Limited,0.6603996354279508
Venky's (India) Limited,0.7620230543504226
Venus Remedies Limited,-0.6517011757737948
Vesuvius India Limited,0.9754980053662213
V-Guard Industries Limited,0.9732866805765699
Vardhman Holdings Limited,0.9116983401078184
Viceroy Hotels Limited,-0.42818956207275227
Videocon Industries Limited,-0.6576299961229
Vijaya Bank,0.1133647105890176
Vijay Shanthi Builders Limited,-0.32989412941822155
Vikash Metal & Power Limited,0.07494078826322592
Vimta Labs Limited,0.24722744802265761
Vinati Organics Limited,0.9661544199048081
Vindhya Telelinks Limited,0.9057213370781293
Vinyl Chemicals (India) Limited,0.902343027215934
VIP Industries Limited,0.04113362874712731
Vipul Limited,0.406311109290126
Visaka Industries Limited,0.7669641222148363
Visa Steel Limited,-0.4878300064078933
Visesh Infotecnics Limited,-0.5308857652958098
Vishal Retail Limited,-0.23488905646177546
Visu International Limited,-0.4901978283297667
Vivimed Labs Limited,0.8569027000512941
VLS Finance Limited,0.9038674029563546
Voltamp Transformers Limited,0.3705494048770053
Voltas Limited,0.9173116291192559
VST Industries Limited,0.8985884764852896
V.S.T Tillers Tractors Limited,0.8912463878349676
Vardhman Textiles Limited,0.9645332805470632
VTX Industries Limited,-0.6880081888157382
VA Tech Wabag Limited,0.09855121720741829
WABCO India Limited,0.8238895038885986
Walchandnagar Industries Limited,-0.10556720568255626
Wanbury Limited,-0.22388976648998438
Websol Energy System Limited,-0.33110619667630464
Weizmann Forex Limited,0.7726871108321222
Weizmann Limited,0.2407043903759603
Welspun Corp Limited,-0.134847172010763
Welspun Global Brands Limited,0.013524162852614999
Welspun Investments and Commercials Limited,0.5860306633230081
Welspun Projects Limited,-0.16060022380527178
Wendt (India) Limited,0.8472179103206791
Wheels India Limited,0.9158319278100998
Whirlpool of India Limited,0.9703646467601582
Williamson Magor & Company Limited,0.6309189773491175
Windsor Machines Limited,0.8234455493264684
Winsome Yarns Limited,-0.6798483001219325
Wipro Limited,-0.09797415840797497
Wockhardt Limited,0.4320680332291737
W S Industries (I) Limited,-0.5749456997946312
West Coast Paper Mills Limited,0.7455903365661483
Wyeth Limited,0.8068819135517704
XL Energy Limited,-0.38801211409786013
Xpro India Limited,0.39238420388084905
Yes Bank Limited,0.9999999999999999
Zee Entertainment Enterprises Limited,0.8982514652640103
Zee News Limited,-0.5473574591360995
Zenith Birla (India) Limited,-0.5044239054730413
Zenith Computers Limited,-0.5877037032058754
Zenith Infotech Limited,-0.3986513055611446
Zensar Technologies Limited,0.8693829950597465
Zicom Electronic Security Systems Limited,-0.41513533840383016
Zodiac Clothing Company Limited,-0.3613362112835661
Zodiac JRD- MKJ Limited,0.42626070072297334
Zuari Industries Limited,0.6996430869475097
Zydus Wellness Limited,0.8135094461247467
Zylog Systems Limited,-0.5476177561505753
R*Shares Bank BeES,0.9540149395169601
R*Shares Gold BeES,0.5456001203737973
UTI Mutual Fund - UTI Gold Exchange Traded Fund,0.5435486538948263
R*Shares Junior BeES,0.9706877023910023
Kotak Mutual Fund - Gold Exchange Traded Fund,-0.589967066608648
Kotak Mahindra Mutual Fund,0.179806637079556
R*Shares Liquid BeES,0.015060822185841897
R*Shares Nifty BeES,0.924793959082296
R*Shares PSU Bank BeES,0.39696518260762564
Quantum Gold Fund -Exchange Traded Fund (ETF),0.5103182838436329
Quantum Nifty ETF,0.9266011774297213
R* Shares Banking ETF,0.9392250172863926
R* Shares Gold ETF,0.570027846230935
SBI Mutual Fund - Gold ETF,0.353979142211875
Nifty,0.7995004997239007
R*Shares Shariah BeES,0.9436942524239245
Kotak Mahindra Mutual Fund-Kotak Nifty ETF,0.012913040830386286
R*Shares Hang Seng BeES,0.8363469154979648
Religare Invesco Gold Exchange Traded Fund,0.0870367033828084
Motilal Oswal Mutual Fund - Motilal Oswal MOSt Shares M50 ETF,0.47295807102114523
HDFC Mutual Fund-HDFC Gold Exchange Traded Fund,0.14264087536066514
ICICI Prudential Mutual Fund-ICICI Prudential Gold Exchange Traded Fund,0.347407278638092
R*Shares Infra BeES,0.569378252248449
Axis Mutual Fund - Axis Gold ETF,-0.049893658388113896
Motilal Oswal Mutual Fund - Motilal Oswal MOSt Shares M100 ETF GO,0.9630417611778718
Motilal Oswal Mutual Fund-Motilal Oswal MOSt Shares NASDAQ 100 ETF -GO,0.9194131788907786
Birla Sun Life Mutual Fund - Birla Sun Life Nifty ETF - Growth,0.8832428982678378
IIFL Mutual Fund - Nifty ETF,0.9176539715721302
Birla Sun Life Mutual Fund - Birla Sun Life Gold ETF - Growth,-0.07214735326231606
Religare Invesco Nifty Exchange Traded Fund,0.9006402420837324
Stel Holdings Limited,0.905558466889075
IDBI Mutual Fund - IDBI Gold Exchange Traded Fund,-0.2874068142336007
Canara Robeco Mutual Fund - Canara Robeco - Gold ETF,-0.3052772745169666
Motilal Oswal Mutual Fund - Motilal Oswal MOSt Shares Gold ETF,-0.7429382675816563
Accelya Kale Solutions Limited,0.9045323728431223
Adani Ports and Special Economic Zone Limited,0.8384758352515669
AI Champdany Industries Limited,-0.12794814447723646
Alstom India Limited,0.8075143643131236
Alicon Castalloy Limited,0.9386164726098867
Alpine Housing Development Corporation Limited,0.4252245618844568
Alps Industries Limited,-0.388314810108986
Alstom T&D India Limited,0.725811649913237
AML Steel Limited,-0.5539594960547102
Advance Metering Technology Limited,0.6209350465958036
Andhra Cements Limited,0.03727362514367113
Ankur Drugs And Pharma Limited,-0.49832857781867773
Antarctica Limited,0.5911368480926718
APL Apollo Tubes Limited,0.9436357284940616
Archidply Industries Limited,0.8501318544929185
Arvind Remedies Limited,-0.6282902890312266
Austral Coke & Projects Limited,-0.39985488902587263
Avanti Feeds Limited,0.8239416596918048
Axis-IT&T Limited,0.7338813270608369
Banaras Beads Limited,0.7827468484512565
Best & Crompton Engg. Limited,-0.5326099589392373
Bil Energy Systems Limited,-0.5440985737145455
Aditya Birla Money Limited,0.6124128860168484
Bodhtree Consulting Limited,-0.49163028735583125
Burnpur Cement Limited,-0.07240392439877229
Career Point Limited,-0.16759626921923812
Chromatic India Limited,-0.3918121748234761
Cinemax Properties Limited,-0.4060487552462348
Compucom Software Limited,0.3175985845642639
Country Condo's Limited,0.511953405605993
Cox & Kings Limited,0.33751749989941526
DB (International) Stock Brokers Limited,-0.8789697132023641
Dhanus Technologies Limited,-0.3935803810088008
Dewan Housing Finance Corporation Limited,0.6991250882146485
Dhunseri Investments Limited,0.8689330959397356
Dynacons Systems & Solutions Limited,0.9401913578660243
Duncans Industries Limited,-0.13927038990970395
Easun Reyrolle Limited,-0.5182321497939758
Electrotherm (India) Limited,-0.2098428357381127
Elgi Rubber Company Limited,0.8849144748269591
Entegra Limited,-0.5329146369115606
Eon Electric Limited,0.8648968701356756
Essar Shipping Limited,0.4687898988864571
Euro Ceramics Limited,-0.462945138949271
Future Market Networks Limited,0.7791904372145445
Four Soft Limited,-0.6126908549359288
Gallantt Ispat Limited,0.627060446286493
Hexa Tradex Limited,0.08690721058072462
Hinduja Global Solutions Limited,0.6183283710645404
Hubtown Limited,-0.5380981850738041
Hydro S & S Industries Limited,0.772926633889715
Indiabulls Infrastructure and Power Limited,0.45557043236861516
IFB Agro Industries Limited,0.9145042301669345
IL&FS Engineering and Construction Company Limited,-0.3129102770849031
IL&FS Transportation Networks Limited,-0.6461396203724664
The Jammu & Kashmir Bank Limited,-0.4761575090600185
Jaihind Projects Limited,-0.6902360560945648
JD Orgochem Limited,0.2859420990502252
The Jeypore Sugar Company Limited,-0.43800616496072053
Jain Irrigation Systems Limited,0.7378375308811425
Kalyani Forge Limited,0.8682669188415808
Kanani Industries Limited,-0.2821199785002477
Kokuyo Camlin Limited,0.8117633306455808
Kovai Medical Center & Hospital Limited,0.8778823333871759
KSS Limited,-0.602056167548061
L&T Finance Holdings Limited,0.8595628812511976
The Lakshmi Finance & Industrial Corporation Limited,-0.4244939453517778
LGB Forge Limited,0.7444154112350106
Mahindra & Mahindra Limited,0.8112484291180955
Mahindra & Mahindra Financial Services Limited,0.8853171859010817
Multi Commodity Exchange of India Limited,0.3164484790932118
Mercator Limited,0.7986696493198865
Metkore Alloys & Industries Limited,-0.6777822514810442
Minda Corporation Limited,0.6919224727286145
Morarjee Textiles Limited,0.7671127813090675
MT Educare Limited,-0.21493725851162246
Nagarjuna Oil Refinery Limited,-0.10951983284942372
Nandan Exim Limited,0.15842113908425773
NBCC (India) Limited,0.8409595248638858
Neha International Limited,-0.4936820557680265
Neo Corp International Limited,0.3242631393612566
Orient Bell Limited,0.9306263901852289
Orient Refractories Limited,0.9330716676949894
Pearl Global Industries Limited,0.01560634971826599
Pilani Investment and Industries Corporation Limited,-0.0818601507192222
Poly Medicure Limited,0.40785181026164125
Premier Polyfilm Limited,0.7790157663303341
Provogue (India) Limited,-0.629992894794696
Prozone Capital Shopping Centres Limited,0.21927673388967217
Rajshree Sugars & Chemicals Limited,-0.2777913619034321
Rasoya Proteins Limited,-0.669293822949701
Regency Ceramics Limited,-0.43957377805383346
Resurgere Mines & Minerals Limited,-0.052308618511369816
Rupa & Company Limited,0.8476918457923455
Sri Adhikari Brothers Television Network Limited,0.5984018365962196
Sakthi Finance Limited,0.6936043621034206
SAM Industries Limited,-0.4591446714881177
Samtel Color Limited,-0.46220545819677245
Sanghi Industries Limited,0.6172975449350744
Sanofi India Limited,0.8197992006146757
Sayaji Hotels Limited,0.32233971392278865
SB&T International Limited,-0.5729005105208018
Schneider Electric Infrastructure Limited,0.44751903135718535
S.E. Power Limited,-0.04229441646934368
Sezal Glass Limited,-0.43252898149891283
Sharon Bio-Medicine Limited,-0.8387058357206757
Shri Nataraj Ceramic and Chemical Industries Limited,-0.3013640838173775
Signet Industries Limited,-0.2808958722963599
Standard Industries Limited,0.15970704114393258
Simplex Castings Limited,-0.10315243228221885
Speciality Restaurants Limited,-0.4653183388905255
Spectacle Ventures Limited,-0.3493493997373149
SPL Industries Limited,-0.0825798148008364
STI India Limited,-0.07760541865880236
Styrolution ABS (India) Limited,0.5782149181063461
Subros Limited,0.8898309552250049
Supreme Tex Mart Limited,-0.44141855676277164
Surana Telecom and Power Limited,0.18137105105146017
Swan Energy Limited,0.3963323542379525
Swelect Energy Systems Limited,0.6581797552486573
Tarmat Limited,0.8835397551008082
Tribhovandas Bhimji Zaveri Limited,-0.490121113340628
TCP Limited,0.452291353544645
Texmaco Infrastructure & Holdings Limited,0.7807700704016372
The Byke Hospitality Limited,0.056756013850375
Thomas Scott (India) Limited,0.22551322227219384
Timbor Home Limited,-0.440291331007909
Tamilnadu Telecommunication Limited,-0.5803534174402724
Triveni Turbine Limited,0.8824168331366508
V2 Retail Limited,0.8536732053531774
Vikas GlobalOne Limited,-0.7109098592851898
VKS Projects Limited,-0.3486647636864782
Vardhman Special Steels Limited,0.9218957431313226
VTM Limited,0.8854344941290292
Welspun India Limited,0.8477522418685827
Winsome Diamonds and Jewellery Limited,-0.35630053522987376
Wire and Wireless (India) Limited,-0.31376662696988367
Xchanging Solutions Limited,0.8151072841692067
Zandu Realty Limited,-0.2366899268666518
Zee Learn Limited,0.8531203535451433
Zenith Exports Limited,-0.45718838375382054
